{
	"pattrstorage" : 	{
		"name" : "gigaverb",
		"slots" : 		{
			"1" : 			{
				"id" : 1,
				"data" : 				{
					"params" : [ -0.514019, 0.308411, -0.700935, -0.028037, 0.420561, 0.476636 ]
				}

			}

		}

	}

}
